{
  "mode": "windowed",
  "window": 90.0,
  "inner_dev": {
    "n_evaluated": 183,
    "aggregates": {
      "baseline": {
        "0.5": {
          "precision": {
            "mean": 0.04904312445296051,
            "ci95": [
              0.03434513460128214,
              0.06590634092683273
            ],
            "n": 183
          },
          "recall": {
            "mean": 0.04838897441356457,
            "ci95": [
              0.03332197686193588,
              0.06319145373448652
            ],
            "n": 183
          },
          "f1": {
            "mean": 0.042931132227178516,
            "ci95": [
              0.03097805456713364,
              0.0546335014096586
            ],
            "n": 183
          }
        },
        "3.0": {
          "precision": {
            "mean": 0.2603659546282497,
            "ci95": [
              0.22647626735741488,
              0.2915869171811795
            ],
            "n": 183
          },
          "recall": {
            "mean": 0.2720387839240298,
            "ci95": [
              0.23061395571641474,
              0.3113481194731195
            ],
            "n": 183
          },
          "f1": {
            "mean": 0.24044092938740957,
            "ci95": [
              0.20768666379291983,
              0.26897245489518873
            ],
            "n": 183
          }
        }
      },
      "refined": {
        "0.5": {
          "precision": {
            "mean": 0.06504823349085645,
            "ci95": [
              0.051524709542127574,
              0.07708649956600776
            ],
            "n": 183
          },
          "recall": {
            "mean": 0.10771496263299542,
            "ci95": [
              0.08789969934437147,
              0.1283318933267704
            ],
            "n": 183
          },
          "f1": {
            "mean": 0.07527188589099267,
            "ci95": [
              0.06102431970984667,
              0.08939567122202698
            ],
            "n": 183
          }
        },
        "3.0": {
          "precision": {
            "mean": 0.29182086128807444,
            "ci95": [
              0.265414443252558,
              0.3144179200429201
            ],
            "n": 183
          },
          "recall": {
            "mean": 0.5004482236039612,
            "ci95": [
              0.4614585822116559,
              0.5455043014059408
            ],
            "n": 183
          },
          "f1": {
            "mean": 0.3404428806901174,
            "ci95": [
              0.3111474406239894,
              0.36316439287451474
            ],
            "n": 183
          }
        }
      },
      "stock_foote": {
        "0.5": {
          "precision": {
            "mean": 0.0467079368718713,
            "ci95": [
              0.0387168218469448,
              0.05509446515081761
            ],
            "n": 183
          },
          "recall": {
            "mean": 0.10288290944028648,
            "ci95": [
              0.08444511222687451,
              0.12367074239512767
            ],
            "n": 183
          },
          "f1": {
            "mean": 0.05938369046694343,
            "ci95": [
              0.04962202396487995,
              0.06930310327359107
            ],
            "n": 183
          }
        },
        "3.0": {
          "precision": {
            "mean": 0.25537871357543485,
            "ci95": [
              0.23315822667769387,
              0.2753007257617914
            ],
            "n": 183
          },
          "recall": {
            "mean": 0.5616619794898484,
            "ci95": [
              0.5218321999418312,
              0.6025626187716352
            ],
            "n": 183
          },
          "f1": {
            "mean": 0.32426661682168456,
            "ci95": [
              0.29888044223094723,
              0.34622393641764104
            ],
            "n": 183
          }
        }
      },
      "cand_ceiling": {
        "0.5": {
          "precision": {
            "mean": 0.4562841530054645,
            "ci95": [
              0.3825136612021858,
              0.5220628415300547
            ],
            "n": 183
          },
          "recall": {
            "mean": 0.1656450562188267,
            "ci95": [
              0.13394934660815805,
              0.19443198991354727
            ],
            "n": 183
          },
          "f1": {
            "mean": 0.22947529228869634,
            "ci95": [
              0.18767227235736159,
              0.2675450817419839
            ],
            "n": 183
          }
        },
        "3.0": {
          "precision": {
            "mean": 0.7814207650273224,
            "ci95": [
              0.7212431693989071,
              0.8417349726775957
            ],
            "n": 183
          },
          "recall": {
            "mean": 0.5031557543852625,
            "ci95": [
              0.4524208394444051,
              0.5625042845739567
            ],
            "n": 183
          },
          "f1": {
            "mean": 0.587472237662691,
            "ci95": [
              0.5269323105017415,
              0.6498835231164064
            ],
            "n": 183
          }
        }
      },
      "oracle": {
        "0.5": {
          "precision": {
            "mean": 0.14179894179894179,
            "ci95": [
              0.11752585870413738,
              0.1699278449995663
            ],
            "n": 183
          },
          "recall": {
            "mean": 0.1075586071487711,
            "ci95": [
              0.08840467270282845,
              0.12956711681609226
            ],
            "n": 183
          },
          "f1": {
            "mean": 0.11879287427173534,
            "ci95": [
              0.09846719447506763,
              0.14494965578712343
            ],
            "n": 183
          }
        },
        "3.0": {
          "precision": {
            "mean": 0.7704918032786885,
            "ci95": [
              0.7184426229508197,
              0.8224726775956285
            ],
            "n": 183
          },
          "recall": {
            "mean": 0.5867297244346424,
            "ci95": [
              0.5404070790699889,
              0.6352207480588629
            ],
            "n": 183
          },
          "f1": {
            "mean": 0.649351040386228,
            "ci95": [
              0.6005657669527034,
              0.6988457885237929
            ],
            "n": 183
          }
        }
      },
      "human": {
        "0.5": {
          "precision": {
            "mean": 0.6541038300842222,
            "ci95": [
              0.6085536003121788,
              0.6961091806251121
            ],
            "n": 153
          },
          "recall": {
            "mean": 0.6541038300842222,
            "ci95": [
              0.6085536003121788,
              0.6961091806251121
            ],
            "n": 153
          },
          "f1": {
            "mean": 0.6189778492258308,
            "ci95": [
              0.5725621942295817,
              0.6564682403919717
            ],
            "n": 153
          }
        },
        "3.0": {
          "precision": {
            "mean": 0.7272252438919106,
            "ci95": [
              0.6919283108866442,
              0.7651790643089662
            ],
            "n": 153
          },
          "recall": {
            "mean": 0.7272252438919106,
            "ci95": [
              0.6919283108866442,
              0.7651790643089662
            ],
            "n": 153
          },
          "f1": {
            "mean": 0.6864732985840252,
            "ci95": [
              0.646194564491854,
              0.7242593821392842
            ],
            "n": 153
          }
        }
      },
      "pairwise_label_f1": {
        "mean": 0.4344909164867658,
        "ci95": [
          0.42179279596533426,
          0.44815275975096536
        ],